1, ic_aa_language_white_48dp.png
2, ic_android_white_48dp.png
3, ic_audiotrack_white_48dp.png
4, ic_cloud_queue_white_48dp.png
5, ic_error_white_48dp.png
6, ic_favorite_white_48dp.png
7, ic_file_download_white_48dp.png
8, ic_flight_white_48dp.png
9, ic_grade_white_48dp.png
10, ic_headset_white_48dp.png
11, ic_help_white_48dp.png
12, ic_home_white_48dp.png
13, ic_info_outline_white_48dp.png
14, ic_local_phone_white_48dp.png
15, ic_mood_white_48dp.png
16, ic_navigation_white_48dp.png
17, ic_phone_iphone_white_48dp.png
18, ic_place_white_48dp.png
19, ic_play_circle_fill_white_48dp.png
20, ic_search_white_48dp.png
21, ic_settings_white_48dp.png
22, ic_shopping_cart_white_48dp.png
23, ic_warning_white_48dp.png