name,url,code,image
プロクソン スーパーサーキュラソーテーブル （28070）,http://www.diy-tool.com/fs/diy/28070,4952989280705,http://image.rakuten.co.jp/tuzukiya/cabinet/main/k26/28070.jpg
リョービ 電動ドライバードリル 5本組ビット付特別セット（4989206） （CDD-1020）,http://www.diy-tool.com/fs/diy/cdd-1020,4960673645136,http://image.rakuten.co.jp/tuzukiya/cabinet/main/r01/cdd-1020.jpg
リョービ 新型 充電式ドリルドライバー 電池パック2個付き 5本組ビット付特別セット(4989159) （BD-123）,http://www.diy-tool.com/fs/diy/ryobi-647522a,4960673669538,http://image.rakuten.co.jp/tuzukiya/cabinet/main/r01/ryobi-647522a.jpg
プロクソン ハンディマルチルーター　 （19種類の先端工具付） （28473）,http://www.diy-tool.com/fs/diy/no28473,4952989284734,http://image.rakuten.co.jp/tuzukiya/cabinet/main/k26/no28473.jpg
フェルコ 剪定鋏 ※アングルカットモデル （FELCO8）,http://www.diy-tool.com/fs/diy/felco-f8,4973699830554,http://image.rakuten.co.jp/tuzukiya/cabinet/main/f01/felco-f8.jpg
フェルコ 剪定鋏 FELCO10 ※回転ハンドルモデル／左利き用,http://www.diy-tool.com/fs/diy/felco-f10,4973699830578,http://image.rakuten.co.jp/tuzukiya/cabinet/main/f01/felco-f10.jpg
フェルコ 剪定鋏 ※回転ハンドルモデル （FELCO7）,http://www.diy-tool.com/fs/diy/felco-f7,4973699830547,http://image.rakuten.co.jp/tuzukiya/cabinet/main/f01/felco-f7.jpg
フェルコ 剪定鋏 FELCO9 ※アングルカットモデル／左利き用 （FELCO9）,http://www.diy-tool.com/fs/diy/felco-f9,4973699830561,http://image.rakuten.co.jp/tuzukiya/cabinet/main/f01/felco-f9.jpg
フェルコ 剪定鋏 ※クラシックモデル （FELCO2）,http://www.diy-tool.com/fs/diy/felco-f2,4973699830837,http://image.rakuten.co.jp/tuzukiya/cabinet/main/f01/felco-f2.jpg
フェルコ 剪定鋏 FELCO11 ※クラシックモデル （FELCO 11）,http://www.diy-tool.com/fs/diy/f01-0002,4973699830585,http://image.rakuten.co.jp/tuzukiya/cabinet/main/f01/f01-0002.jpg
フェルコ 剪定鋏 FELCO13 ※アングルカット・片手・両手切り兼用モデル （FELCO 13）,http://www.diy-tool.com/fs/diy/f01-0003,4973699830899,http://image.rakuten.co.jp/tuzukiya/cabinet/main/f01/f01-0003.jpg
フェルコ 剪定鋏 FELCO100 ※フラワー＆フルーツ用鋏／バラの剪定などに。 （FELCO 100）,http://www.diy-tool.com/fs/diy/f01-0004,4973699830905,http://image.rakuten.co.jp/tuzukiya/cabinet/main/f01/f01-0004.jpg
フェルコ 剪定鋏鋏 FELCO310 ※フラワー＆フルーツ用鋏／刃先が細くて便利。 （FELCO 310）,http://www.diy-tool.com/fs/diy/f01-0006,4973699830851,http://image.rakuten.co.jp/tuzukiya/cabinet/main/f01/f01-0006.jpg
ウォルフガルテン マルチ鋏 (7216000) （RA-X）,http://www.diy-tool.com/fs/diy/w01-0028,4009269721608,http://image.rakuten.co.jp/tuzukiya/cabinet/wolfg/wolf-rax1.jpg
ウォルフガルテン ハーブはさみ （RA-XS）,http://www.diy-tool.com/fs/diy/w01-0029,4009269721905,http://image.rakuten.co.jp/tuzukiya/cabinet/wolfg/wolf-ra-xs.jpg
フェルコ 折りたたみ式 のこぎり FELCO 600 ※全長160mm （FELCO 600）,http://www.diy-tool.com/fs/diy/f01-0007,4973699830608,http://image.rakuten.co.jp/tuzukiya/cabinet/main/f01/f01-0007.jpg
ガーデンワークス クラシック ソイルスコップ 木製ハンドル （745840543217）,http://www.diy-tool.com/fs/diy/x01-0159,9990000610600,http://image.rakuten.co.jp/tuzukiya/cabinet/main/x01-5/x01-0159.jpg
白光 ウッドバーニング用　ハッコーマイペン　アルファ　100V　平形プラグ （FD210-01）,http://www.diy-tool.com/fs/diy/h02-2394,4962615035128,http://image.rakuten.co.jp/tuzukiya/cabinet/main/h02/h02-2394.jpg
グット ホットボンド（グルーガン） （HB-25）,http://www.diy-tool.com/fs/diy/f23-0769,4975205411561,http://image.rakuten.co.jp/tuzukiya/cabinet/main/f23-3/f23-0769.jpg
フェルコ 剪定鋏 FELCO31 ※アンビルモデル （FELCO 31）,http://www.diy-tool.com/fs/diy/f01-1143,4973699831094,http://image.rakuten.co.jp/tuzukiya/cabinet/main/f01/f01-1143.jpg
ピエールクランプ 突っ張り棒　カーゴバー　P1 (60〜100センチ) （30010）,http://www.diy-tool.com/fs/diy/p24-0001,8422473300104,http://image.rakuten.co.jp/tuzukiya/cabinet/p24/p24-0001.jpg
ピエールクランプ 突っ張り棒　カーゴバーP2(95〜170センチ) （30011）,http://www.diy-tool.com/fs/diy/p24-0002,8422473300111,http://image.rakuten.co.jp/tuzukiya/cabinet/p24/p24-0002.jpg
ピエールクランプ ノンスリップパッド　幅20センチ　( カーゴバー(突っ張り棒)用アクセサリー） （30016）,http://www.diy-tool.com/fs/diy/p24-0005,8422473300166,http://image.rakuten.co.jp/tuzukiya/cabinet/p24/p24-0005.jpg
ピエールクランプ カーゴバー用ベース調節板金具　チュ-ブ直径30ミリ ( カーゴバー(突っ張り棒)用アクセサリー） （34048）,http://www.diy-tool.com/fs/diy/p24-0012,8422473340483,http://image.rakuten.co.jp/tuzukiya/cabinet/p24/p24-0012.jpg
ピエールクランプ フック　チュ-ブ直径30ミリ ( カーゴバー(突っ張り棒)用アクセサリー） （34044）,http://www.diy-tool.com/fs/diy/p24-0016,8422473340445,http://image.rakuten.co.jp/tuzukiya/cabinet/p24/p24-0016.jpg
ピエールクランプ 多目的調節ハンガー (カーゴバー用アクセサリー） （30015）,http://www.diy-tool.com/fs/diy/p24-0017,8422473300159,http://image.rakuten.co.jp/tuzukiya/cabinet/p24/p24-0017.jpg
ピエールクランプ マキシプレス　クランプ　F-20 （60020）,http://www.diy-tool.com/fs/diy/p24-0019,8422473600204,http://image.rakuten.co.jp/tuzukiya/cabinet/p24/p24-0019.jpg
ピエールクランプ マキシプレス　クランプ　F-30 （60030）,http://www.diy-tool.com/fs/diy/p24-0021,8422473600303,http://image.rakuten.co.jp/tuzukiya/cabinet/p24/p24-0021.jpg
ピエールクランプ マキシプレス　クランプ　F-80 （60080）,http://www.diy-tool.com/fs/diy/p24-0027,8422473600808,http://image.rakuten.co.jp/tuzukiya/cabinet/p24/p24-0027.jpg
ピエールクランプ マキシプレス　クランプ　F-100 （60100）,http://www.diy-tool.com/fs/diy/p24-0028,8422473601003,http://image.rakuten.co.jp/tuzukiya/cabinet/p24/p24-0028.jpg
ピエールクランプ マキシプレス　クランプ　F-120 （60120）,http://www.diy-tool.com/fs/diy/p24-0029,8422473601201,http://image.rakuten.co.jp/tuzukiya/cabinet/p24/p24-0029.jpg
ピエールクランプ マキシプレス　クランプ　F-140 （60140）,http://www.diy-tool.com/fs/diy/p24-0030,8422473601409,http://image.rakuten.co.jp/tuzukiya/cabinet/p24/p24-0030.jpg
リョービ 充電式ドライバドリルキット　（付属品）電池パック・充電器 長さ197×幅57×高さ235mm （BD-715KT）,http://www.diy-tool.com/fs/diy/r01-3397,4960673666278,http://image.rakuten.co.jp/tuzukiya/cabinet/main/r01/r01-3397.jpg
KETER サイドキャリー 黄色 幅357×奥行180×高さ350mm。 （17194483）,http://www.diy-tool.com/fs/diy/k95-0019,7290103662097,http://image.rakuten.co.jp/tuzukiya/cabinet/main/k95/k95-0019.jpg
KETER サイドキャリー 赤 幅357×奥行180×高さ350mm。 （17194483）,http://www.diy-tool.com/fs/diy/k95-0020,7290103662974,http://image.rakuten.co.jp/tuzukiya/cabinet/main/k95/k95-0020.jpg
KETER サイドキャリー 青 幅357×奥行180×高さ350mm。 （17194483）,http://www.diy-tool.com/fs/diy/k95-0021,7290103663100,http://image.rakuten.co.jp/tuzukiya/cabinet/main/k95/k95-0021.jpg
ドレメル 万能ルーター TRIO（トリオ）,http://www.diy-tool.com/fs/diy/d02-0040,8710364064977,http://image.rakuten.co.jp/tuzukiya/cabinet/main/d02/d02-0040.jpg
ハンスグローエ シャワーヘッド クロメッタ85 ヴァリオ エコクロム(接続アダプター付き) （28565004）,http://www.diy-tool.com/fs/diy/h63-0003,4562335080042,http://image.rakuten.co.jp/tuzukiya/cabinet/main/h63/h63-0003.jpg
KETER サイドキャリー 緑 （17194483）,http://www.diy-tool.com/fs/diy/k95-0024,7290103665968,http://image.rakuten.co.jp/tuzukiya/cabinet/main/k95/k95-0024.jpg
フェザンツール cotetsu（コテツ） オリジナル工具箱 ブラック,http://www.diy-tool.com/fs/diy/p01-0002,9998000840058,http://image.rakuten.co.jp/tuzukiya/cabinet/main/p01/p01-0002.jpg
ボッシュ バッテリードライバードリル　10.8V （GSR10.8-2-LI）[返品不可],http://www.diy-tool.com/fs/diy/b02-1909,3165140534741,http://image.rakuten.co.jp/tuzukiya/cabinet/main/b02/b02-1909.jpg
ボッシュ バッテリードライバー (充電式コードレス電気ドリルドライバー) （IXO4PLUS）[返品不可],http://www.diy-tool.com/fs/diy/b02-1950,3165140652827,http://image.rakuten.co.jp/tuzukiya/cabinet/main/b02/b02-1950.jpg
ボッシュ サンディングペーパー　GSS140Ａ用 ＃240 （2608607460）　10枚[返品不可],http://www.diy-tool.com/fs/diy/b02-2956,3165140343909,http://image.rakuten.co.jp/tuzukiya/cabinet/main/b02/b02-2956.jpg
ボッシュ サンディングペーパー　GSS140Ａ用　 ＃120 （2608607458）　10枚[返品不可],http://www.diy-tool.com/fs/diy/b02-2958,3165140343886,http://image.rakuten.co.jp/tuzukiya/cabinet/main/b02/b02-2958.jpg
ボッシュ サンディングペーパー　GSS140Ａ用 ＃60 （2608607456）　10枚[返品不可],http://www.diy-tool.com/fs/diy/b02-2960,3165140343862,http://image.rakuten.co.jp/tuzukiya/cabinet/main/b02/b02-2960.jpg
必要なアイテムが揃ったペンキ塗りの道具セット,http://www.diy-tool.com/fs/diy/d00-0110,9998000853348,http://image.rakuten.co.jp/tuzukiya/cabinet/main/d00/d00-0110.jpg
ハンスグローエ クロメッタ85 ヴァリオ エコ ホワイト シャワーヘッド＆ホース1.75mセット【接続アダプター付】 （88000343）,http://www.diy-tool.com/fs/diy/h63-0026,4562335080073,http://image.rakuten.co.jp/tuzukiya/cabinet/main/h63/h63-0026.jpg
ハンスグローエ クロメッタ85 ヴァリオ エコ クロム シャワーヘッド＆ホース1.75mセット【接続アダプター付】 （88000344）,http://www.diy-tool.com/fs/diy/h63-0027,4562335080080,http://image.rakuten.co.jp/tuzukiya/cabinet/main/h63/h63-0027.jpg
レッドツールボックス バードハウス 工作キット （K006）,http://www.diy-tool.com/fs/diy/r32-0018,7290008381390,http://image.rakuten.co.jp/tuzukiya/cabinet/main/r32/r32-0018.jpg
ハンスグローエ レインダンス E100 Eco 1Jet ハンドシャワーヘッド ホワイト （28542450）,http://www.diy-tool.com/fs/diy/h63-0040,4011097709765,http://image.rakuten.co.jp/tuzukiya/cabinet/main/h63/h63-0040.jpg
プロクソン ミニサーキュラソウテーブルEX （27006）,http://www.diy-tool.com/fs/diy/k26-0193,4952989270065,http://image.rakuten.co.jp/tuzukiya/cabinet/main/k26/k26-0193.jpg
森田アルミ工業 室内物干ワイヤー ホワイト （pid4M）,http://www.diy-tool.com/fs/diy/m99-0002,4560396550030,http://image.rakuten.co.jp/tuzukiya/cabinet/main/m99/m99-0002.jpg
ブライワックス オリジナル・ワックス アンティーク・ブラウン 400ml （74000000801）,http://www.diy-tool.com/fs/diy/b34-0001,5015277021271,http://image.rakuten.co.jp/tuzukiya/cabinet/main/b34/b34-0001.jpg
ブライワックス ウォーター・ベースド・ウッドダイ 水性ステイン剤 ライト・オーク 250ml （74001000615）,http://www.diy-tool.com/fs/diy/b34-0016,9998001645171,http://image.rakuten.co.jp/tuzukiya/cabinet/main/b34/b34-0016.jpg
ターナー色彩 ミルクペイント 水性塗料 スノーホワイト 1.2L （MK120001）,http://www.diy-tool.com/fs/diy/t88-1195,4993453110012,http://image.rakuten.co.jp/tuzukiya/cabinet/main/t88/t88-1195.jpg
フェザンツール cotetsu 0.5 (コテツ) オリジナル工具箱 ブルー,http://www.diy-tool.com/fs/diy/p01-0028,9998002288063,http://image.rakuten.co.jp/tuzukiya/cabinet/main/p01/p01-0028.jpg
フェザンツール cotetsu 0.5 (コテツ) オリジナル工具箱 イエロー,http://www.diy-tool.com/fs/diy/p01-0029,9998002288070,http://image.rakuten.co.jp/tuzukiya/cabinet/main/p01/p01-0029.jpg
ラバーメイド ブルート トートボックス（L） フタ付コンテナ 9S31,http://www.diy-tool.com/fs/diy/rubber-m9s31,086876166187,http://image.rakuten.co.jp/tuzukiya/cabinet/main/r03/rubber-m9s31.jpg
カラーワークス カケルペイント キット (黒板になる塗料)  ホリーグリーン 900ml （7418800）[返品不可],http://www.diy-tool.com/fs/diy/c33-0023,4571171913438,http://image.rakuten.co.jp/tuzukiya/cabinet/main/c33/c33-0023.jpg
ブラック＆デッカー 作業台 ワークメイト （WM225）,http://www.diy-tool.com/fs/diy/wm225,4536178002264,http://image.rakuten.co.jp/tuzukiya/cabinet/main/b01/wm225.jpg
ボッシュ バッテリージグソー （GST18V-LIH）,http://www.diy-tool.com/fs/diy/b02-1755,3165140586634,http://image.rakuten.co.jp/tuzukiya/cabinet/main/b02-1/b02-1755.jpg
ボッシュ 吸じんオービタルサンダー （GSS140A）[返品不可],http://www.diy-tool.com/fs/diy/b02-1110,3165140337946,http://image.rakuten.co.jp/tuzukiya/cabinet/main/b02-1/b02-1110.jpg
ボッシュ バッテリーインパクトドライバー　10.8V （GDR10.8-LI）[返品不可],http://www.diy-tool.com/fs/diy/b02-1914,3165140547406,http://image.rakuten.co.jp/tuzukiya/cabinet/main/b02/b02-1914.jpg
リョービ 充電式インパクトドライバ No.658415A （BID-1226）,http://www.diy-tool.com/fs/diy/r01-0328,4960673667060,http://image.rakuten.co.jp/tuzukiya/cabinet/main/r01/r01-0328.jpg
リョービ トリマ 青 （MTR-42）[返品不可],http://www.diy-tool.com/fs/diy/r01-3719,4960673627903,http://image.rakuten.co.jp/tuzukiya/cabinet/main/r01/r01-3719.jpg
シルキー ロングボーイ(1.4〜3.6M)　(鋸本体・のこぎり)アーボリスト・剪定鋸本体 360mm （365-36）[返品不可],http://www.diy-tool.com/fs/diy/s02-0181,4903585365365,http://image.rakuten.co.jp/tuzukiya/cabinet/s02/s02-0181.jpg
ウォルフガルテン 剪定鋏／Mサイズ ※ 切断径 24mm以下  (7261000) （RR-M）,http://www.diy-tool.com/fs/diy/w01-0025,4009269726108,http://image.rakuten.co.jp/tuzukiya/cabinet/wolfg/wolf-rrm1.jpg
ウォルフガルテン 女性向け手袋 （GH-PL）,http://www.diy-tool.com/fs/diy/w01-0106,4009269776714,http://image.rakuten.co.jp/tuzukiya/cabinet/main/w01/w01-0106.jpg
ボッシュ バッテリーマルノコ 304×263×213mm （PKS18LIH）[返品不可],http://www.diy-tool.com/fs/diy/b02-1956,3165140650014,http://image.rakuten.co.jp/tuzukiya/cabinet/main/b02/b02-1956.jpg
メタフィス ルカーノ 踏台(踏み台) ブラック （ML2.0-2(BK)）,http://www.diy-tool.com/fs/diy/h01-0003,4968757462013,http://image.rakuten.co.jp/tuzukiya/cabinet/main/h01/h01-0003.jpg
白光 はんだこて　ステンドグラススタート8点セット[返品不可],http://www.diy-tool.com/fs/diy/h02-2553,8888002333713,http://image.rakuten.co.jp/tuzukiya/cabinet/main/h02/h02-2553.jpg
メニューボードを作るためのマグネット黒板仕上げキット,http://www.diy-tool.com/fs/diy/d00-0126,8888002333690,http://image.rakuten.co.jp/tuzukiya/cabinet/main/d00/d00-0126.jpg
白光 はんだごて　入門8点セット,http://www.diy-tool.com/fs/diy/h02-2551,8888002333591,http://image.rakuten.co.jp/tuzukiya/cabinet/main/h02/h02-2551.jpg
マキタ 充電式クリーナ・ハンディークリーナー フィルタ10枚・バッテリ・充電器付 （CL100DW）,http://www.diy-tool.com/fs/diy/m03-4942,8888001252282,http://image.rakuten.co.jp/tuzukiya/cabinet/main/m03-1/m03-4942.jpg
マキタ 充電式クリーナ・ハンディクリーナー 紙パック バッテリ・充電器付 （CL102DW）,http://www.diy-tool.com/fs/diy/m03-4941,8888001252275,http://image.rakuten.co.jp/tuzukiya/cabinet/main/m03-1/m03-4941.jpg
claber｜クラーバー idris Kit イタリア製自動水やり機 2Ｌタンク付きセット 自動給水器 （8057）,http://www.diy-tool.com/fs/diy/x01-0181,8000625080571,http://image.rakuten.co.jp/tuzukiya/cabinet/nobrand/x01-0181.jpg
claber｜クラーバー idris イタリア製自動水やり機 ペットボトル 自動給水器 （8055）,http://www.diy-tool.com/fs/diy/x01-0180,8000625080557,http://image.rakuten.co.jp/tuzukiya/cabinet/nobrand/x01-0180.jpg
KETER 工具箱   (ツールケース） （17187311）[返品不可],http://www.diy-tool.com/fs/diy/f23-3745,7290103652951,http://image.rakuten.co.jp/tuzukiya/cabinet/main/f23-5/f23-3745.jpg
KETER 工具箱   (ツールケース） （17185073）[返品不可],http://www.diy-tool.com/fs/diy/f23-3744,7290004837259,http://image.rakuten.co.jp/tuzukiya/cabinet/main/f23-5/f23-3744.jpg
KETER 工具箱   (ツールパーツケース） （17182592）[返品不可],http://www.diy-tool.com/fs/diy/f23-3742,7290002183563,http://image.rakuten.co.jp/tuzukiya/cabinet/main/f23-5/f23-3742.jpg
ブライワックス トルエンフリーワックス 蜜蝋ワックス 10 オールド・パイン 370ml,http://www.diy-tool.com/fs/diy/x01-0667,5015277190113,http://image.rakuten.co.jp/tuzukiya/cabinet/main/x01/x01-0667.jpg
リョービ ジグソー No.615911A （MJ-50）,http://www.diy-tool.com/fs/diy/mj-50,4960673618994,http://image.rakuten.co.jp/tuzukiya/cabinet/main/r01/mj-50.jpg
プロクソン ミニルーター(ミニリューター) （28525-D）[返品不可],http://www.diy-tool.com/fs/diy/k26-0110,4952989085256,http://image.rakuten.co.jp/tuzukiya/cabinet/main/k26/k26-0110.jpg
ワトコ社 ワトコオイル 浸透性木材用塗料 シロ 1L （W-15）[返品不可],http://www.diy-tool.com/fs/diy/w14-0024,4535419001554,http://image.rakuten.co.jp/tuzukiya/cabinet/main/w14/w14-0024.jpg
ウルフガルテン 手袋ソイル サイズ10 （GH-BO10）,http://www.diy-tool.com/fs/diy/w01-0089,4009269776615,http://image.rakuten.co.jp/tuzukiya/cabinet/wolfg/w01-0089.jpg
ウルフガルテン 手袋ソイル サイズ8 （GH-BO8）,http://www.diy-tool.com/fs/diy/w01-0088,4009269776608,http://image.rakuten.co.jp/tuzukiya/cabinet/wolfg/w01-0088.jpg
ウルフガルテン 手袋カッティング サイズ8 （GH-S8）,http://www.diy-tool.com/fs/diy/w01-0093,4009269776523,http://image.rakuten.co.jp/tuzukiya/cabinet/wolfg/w01-0093.jpg
ウルフガルテン 折り畳み式のこぎり／鋸 刃１6cm （RE-K）,http://www.diy-tool.com/fs/diy/w01-0083,4009269728201,http://image.rakuten.co.jp/tuzukiya/cabinet/wolfg/w01-0083.jpg
ウルフガルテン さや付のこぎり／鋸 （RE-FK）,http://www.diy-tool.com/fs/diy/w01-0082,4009269728102,http://image.rakuten.co.jp/tuzukiya/cabinet/wolfg/w01-0082.jpg
ウルフガルテン アンビルはさみ伸縮ハンドル 刈込鋏 （RS650T）,http://www.diy-tool.com/fs/diy/w01-0032,4009269727808,http://image.rakuten.co.jp/tuzukiya/cabinet/wolfg/wolf-rs650t.jpg
ウルフガルテン アンビルはさみ 刈り込み鋏 （RS830）,http://www.diy-tool.com/fs/diy/w01-0031,4009269727600,http://image.rakuten.co.jp/tuzukiya/cabinet/wolfg/wolf-rs830.jpg
ウルフガルテン 草花はさみ （RA-80）,http://www.diy-tool.com/fs/diy/w01-0047,4009269722049,http://image.rakuten.co.jp/tuzukiya/cabinet/wolfg/w01-0047.jpg
ウルフガルテン グリップハンドル式 花フォーク （LU-2B）,http://www.diy-tool.com/fs/diy/w01-0084,4009269292108,http://image.rakuten.co.jp/tuzukiya/cabinet/main/w01/w01-0084.jpg
ウルフガルテン スクレーパー (2729000) （KF-2K）,http://www.diy-tool.com/fs/diy/w01-0039,4009269272902,http://image.rakuten.co.jp/tuzukiya/cabinet/wolfg/wolf-kf2k1.jpg
ウルフガルテン グリップハンドル　三つ又くわ (2714000) （KA-2K）,http://www.diy-tool.com/fs/diy/w01-0019,4009269271400,http://image.rakuten.co.jp/tuzukiya/cabinet/wolfg/wolf-ka2k1.jpg
ウルフガルテン バルブプランター  (1967000) 球根植え器(穴あけ)  （FH-N）,http://www.diy-tool.com/fs/diy/w01-0037,4009269232203,http://image.rakuten.co.jp/tuzukiya/cabinet/wolfg/wolf-fhn1.jpg
ウルフガルテン 鮫型のこぎり (7231003) （RE-M）,http://www.diy-tool.com/fs/diy/w01-0015,4009269152426,http://image.rakuten.co.jp/tuzukiya/cabinet/wolfg/wolf-rem1.jpg
ボッシュ リチウムイオンバッテリー 18V・2.0AH （A1820LIB）,http://www.diy-tool.com/fs/diy/b02-3685,3165140750486,http://image.rakuten.co.jp/tuzukiya/cabinet/main/b02/b02-3685.jpg
ボッシュ Li-Ionインパクトドライバー （GDR18V-ECN）,http://www.diy-tool.com/fs/diy/b02-3661,3165140706711,http://image.rakuten.co.jp/tuzukiya/cabinet/main/b02/b02-3661.jpg
ボッシュ 18V ＬＩ−ＩＯＮバッテリー(リチウムイオンバッテリー） （A1830LIB）[返品不可],http://www.diy-tool.com/fs/diy/b02-1933,3165140696500,http://image.rakuten.co.jp/tuzukiya/cabinet/main/b02/b02-1933.jpg
ボッシュ 18Vバッテリー 107×54×80mm （A1815LIG）[返品不可],http://www.diy-tool.com/fs/diy/b02-1948,3165140668088,http://image.rakuten.co.jp/tuzukiya/cabinet/main/b02/b02-1948.jpg
ボッシュ ワークベンチ(作業台) （PWB600）[返品不可],http://www.diy-tool.com/fs/diy/b02-3768,3165140612272,http://image.rakuten.co.jp/tuzukiya/cabinet/main/b02-1/b02-3768.jpg
ボッシュ バッテリー丸のこ 本体のみ （GKS18V-LIH）[返品不可],http://www.diy-tool.com/fs/diy/b02-3800,3165140483292,http://image.rakuten.co.jp/tuzukiya/cabinet/main/b02-1/b02-3800.jpg
マキタ 充電式LEDランタン （ML102）,http://www.diy-tool.com/fs/diy/m03-5067,088381673952,http://image.rakuten.co.jp/tuzukiya/cabinet/main/m03-1/m03-5067.jpg
マキタ 充電式震動ドライバドリル （HP330DWX）,http://www.diy-tool.com/fs/diy/m03-4176,088381631587,http://image.rakuten.co.jp/tuzukiya/cabinet/main/m03/m03-4176.jpg
フェルコ 剪定鋏 ※スタンダードタイプ （FELCO4）,http://www.diy-tool.com/fs/diy/felco-f4,4973699830516,http://image.rakuten.co.jp/tuzukiya/cabinet/main/f01/felco-f4.jpg
ピエールクランプ マキシプレス　クランプ　F-40 （60040）,http://www.diy-tool.com/fs/diy/p24-0023,8422473600402,http://image.rakuten.co.jp/tuzukiya/cabinet/p24/p24-0023.jpg
ピエールクランプ スパイク(マキシプレス、Fクランプ用) （14059）,http://www.diy-tool.com/fs/diy/p24-0018,9990000669769,http://image.rakuten.co.jp/tuzukiya/cabinet/p24/p24-0018.jpg
ピエールクランプ ノンスリップパッド　幅70センチ ( カーゴバー(突っ張り棒)用アクセサリー） （30018）,http://www.diy-tool.com/fs/diy/p24-0007,8422473300180,http://image.rakuten.co.jp/tuzukiya/cabinet/p24/p24-0007.jpg
ピエールクランプ ノンスリップパッド　幅35センチ( カーゴバー(突っ張り棒)用アクセサリー） （30017）,http://www.diy-tool.com/fs/diy/p24-0006,8422473300173,http://image.rakuten.co.jp/tuzukiya/cabinet/p24/p24-0006.jpg
ピエールクランプ 三脚( カーゴバー(突っ張り棒)用アクセサリー） （34050）,http://www.diy-tool.com/fs/diy/p24-0004,8422473340506,http://image.rakuten.co.jp/tuzukiya/cabinet/p24/p24-0004.jpg
フェルコ アルミハンドルロッパー FELCO22 ※ 全長840mm,http://www.diy-tool.com/fs/diy/felco-f22,783929100227,http://image.rakuten.co.jp/tuzukiya/cabinet/main/f01/felco-f22.jpg
フェルコ カーボンファイバーハンドルロッパー FELCO200C-60 ※ 全長600mm,http://www.diy-tool.com/fs/diy/felco-f2c60,783929100456,http://image.rakuten.co.jp/tuzukiya/cabinet/main/f01/felco-f2c60.jpg
フェルコ 剪定鋏 FELCO300 ※フラワー＆フルーツ用鋏／正確にきれいにカット。 （FELCO 300）,http://www.diy-tool.com/fs/diy/f01-0005,4973699830844,http://image.rakuten.co.jp/tuzukiya/cabinet/main/f01/f01-0005.jpg
フェルコ 剪定はさみ用ケース FELCO910 ※本皮ケース(ベルトループ、クリップ付き),http://www.diy-tool.com/fs/diy/felco-f910,4973699830660,http://image.rakuten.co.jp/tuzukiya/cabinet/main/f01/felco-f910.jpg
フェルコ 剪定鋏 ※回転ハンドルモデル／小さな手の方向き （FELCO12）,http://www.diy-tool.com/fs/diy/felco-f12,4973699830592,http://image.rakuten.co.jp/tuzukiya/cabinet/main/f01/felco-f12.jpg
フェルコ 剪定鋏 ※小さな手の方向き フェルコ6 （FELCO6）,http://www.diy-tool.com/fs/diy/felco-f6,4973699830530,http://image.rakuten.co.jp/tuzukiya/cabinet/main/f01/felco-f6.jpg
フェルコ 剪定鋏 FELCO5 ※スチール鍛造製ハンドルモデル （FELCO 5）,http://www.diy-tool.com/fs/diy/f01-0001,4973699830523,http://image.rakuten.co.jp/tuzukiya/cabinet/main/f01/f01-0001.jpg
ＰＢスイスツールズ　差替式ラチェットドライバー「インサイダー３」　6510R30SPEZ　1個,http://www.diy-tool.com/fs/diy/p08-1958,7610733094141,http://image.rakuten.co.jp/tuzukiya/cabinet/main/p08/p08-1958.jpg
メタフィス ルカーノ 踏台(踏み台) レッド （ML2.0-2(RD)）,http://www.diy-tool.com/fs/diy/h01-10054,4968757462044,http://image.rakuten.co.jp/tuzukiya/cabinet/main/h01/h01-10054.jpg
メタフィス ルカーノ踏台(踏み台)　1-STEP ブラック （ML1.0-1(BK)）,http://www.diy-tool.com/fs/diy/h01-10049,4968757472012,http://image.rakuten.co.jp/tuzukiya/cabinet/main/h01/h01-10049.jpg
メタフィス ルカーノ踏台(踏み台)　1-STEP ホワイト （ML1.0-1(WH)）,http://www.diy-tool.com/fs/diy/h01-10048,4968757472036,http://image.rakuten.co.jp/tuzukiya/cabinet/main/h01/h01-10048.jpg
アーゴダイン 防水ダッフルバッグ L （GB5030L）,http://www.diy-tool.com/fs/diy/e20-0098,720476130345,http://image.rakuten.co.jp/tuzukiya/cabinet/main/e20/e20-0098.jpg
アーゴダイン 防水ダッフルバッグ M （GB5030M）,http://www.diy-tool.com/fs/diy/e20-0097,720476130321,http://image.rakuten.co.jp/tuzukiya/cabinet/main/e20/e20-0097.jpg
ボッシュ バッテリードライバー(セレクト） （PSRSELECT）,http://www.diy-tool.com/fs/diy/b02-3497,3165140652889,http://image.rakuten.co.jp/tuzukiya/cabinet/main/b02/b02-3497.jpg
マキタ JPA　充電式インパクトドライバ　（バッテリー＆充電器付き） 白 （TD090DWXW）,http://www.diy-tool.com/fs/diy/m03-3761,088381093361,http://image.rakuten.co.jp/tuzukiya/cabinet/main/m03/m03-3761.jpg
アーゴダイン べアーバッグ/作業　かばん S （5115）,http://www.diy-tool.com/fs/diy/e20-0075,720476130154,http://image.rakuten.co.jp/tuzukiya/cabinet/main/e20/e20-0075.jpg
アーゴダイン べアーバッグ/作業　かばん M （5116）,http://www.diy-tool.com/fs/diy/e20-0074,720476130161,http://image.rakuten.co.jp/tuzukiya/cabinet/main/e20/e20-0074.jpg
アーゴダイン セーフティーボルトバッグ　キャンバス （5725）,http://www.diy-tool.com/fs/diy/e20-0054,720476144250,http://image.rakuten.co.jp/tuzukiya/cabinet/main/e20/e20-0054.jpg
アーゴダイン 工具パケツ大　キャンバス地　電工バケツ ホワイト （5733）,http://www.diy-tool.com/fs/diy/e20-0048,720476144335,http://image.rakuten.co.jp/tuzukiya/cabinet/main/e20/e20-0048.jpg
アーゴダイン バリスティックナイロン　ツールバッグ　鞄 （5817）,http://www.diy-tool.com/fs/diy/e20-0007,720476137177,http://image.rakuten.co.jp/tuzukiya/cabinet/main/e20/e20-0007.jpg
アーゴダイン バリスティックナイロン ツールバッグ 鞄 （5810）,http://www.diy-tool.com/fs/diy/e20-0006,720476137108,http://image.rakuten.co.jp/tuzukiya/cabinet/main/e20/e20-0006.jpg
プロクソン コッピングソウテーブル EX （27088）,http://www.diy-tool.com/fs/diy/k26-0174,4952989270881,http://image.rakuten.co.jp/tuzukiya/cabinet/main/k26/k26-0174.jpg
プロクソン ミニルーター　MM20 （26700）,http://www.diy-tool.com/fs/diy/k26-0125,4952989267003,http://image.rakuten.co.jp/tuzukiya/cabinet/main/k26/k26-0125.jpg
PBスイスツールズ 304-2 無反動コンビネーションハンマー　304-2 （304-2）,http://www.diy-tool.com/fs/diy/p08-1915,7610733238262,http://image.rakuten.co.jp/tuzukiya/cabinet/main/p08/p08-1915.jpg
プロクソン マイクロ・ベルトサンダー （27510（旧番28536））,http://www.diy-tool.com/fs/diy/proxxon-27510,4952989275107,http://image.rakuten.co.jp/tuzukiya/cabinet/main/k26/proxxon-27510.jpg
プロクソン マイクロ・ディスクグラインダー （27520（旧番28554））,http://www.diy-tool.com/fs/diy/proxxon-27520,4952989275206,http://image.rakuten.co.jp/tuzukiya/cabinet/main/k26/proxxon-27520.jpg
マルト長谷川│ケイバ 小さなペンチ3兄弟 （BT-010）　3丁セット,http://www.diy-tool.com/fs/diy/m22-1246,4962537002505,http://image.rakuten.co.jp/tuzukiya/cabinet/main/m22/m22-1246.jpg
マキタ リチウムイオンバッテリ・電池パック　ＢＬ１０１３　10.8Ｖ （A-48692）,http://www.diy-tool.com/fs/diy/m03-3554,088381348553,http://image.rakuten.co.jp/tuzukiya/cabinet/main/m03/m03-3554.jpg
マキタ JPA　充電式クリーナ・ハンディークリーナー バッテリ・充電器付 （CL100DW）,http://www.diy-tool.com/fs/diy/m03-0465,088381601948,http://image.rakuten.co.jp/tuzukiya/cabinet/main/m03/m03-0465.jpg
レッドツールボックス オフロードカー 工作キット （K088）,http://www.diy-tool.com/fs/diy/r32-0028,878834002411,http://image.rakuten.co.jp/tuzukiya/cabinet/main/r32/r32-0028.jpg
レッドツールボックス フォークリフト 工作キット （K086）,http://www.diy-tool.com/fs/diy/r32-0027,878834002398,http://image.rakuten.co.jp/tuzukiya/cabinet/main/r32/r32-0027.jpg
レッドツールボックス オープンカー 工作キット （K085）,http://www.diy-tool.com/fs/diy/r32-0026,878834002381,http://image.rakuten.co.jp/tuzukiya/cabinet/main/r32/r32-0026.jpg
レッドツールボックス バイプレーン 工作キット （K083）,http://www.diy-tool.com/fs/diy/r32-0025,878834001490,http://image.rakuten.co.jp/tuzukiya/cabinet/main/r32/r32-0025.jpg
レッドツールボックス セミトレーラー 工作キット （K079）,http://www.diy-tool.com/fs/diy/r32-0024,878834002305,http://image.rakuten.co.jp/tuzukiya/cabinet/main/r32/r32-0024.jpg
レッドツールボックス スペースシャトル 工作キット （K074）,http://www.diy-tool.com/fs/diy/r32-0023,878834002176,http://image.rakuten.co.jp/tuzukiya/cabinet/main/r32/r32-0023.jpg
レッドツールボックス 汽車 工作キット （K066）,http://www.diy-tool.com/fs/diy/r32-0022,878834002091,http://image.rakuten.co.jp/tuzukiya/cabinet/main/r32/r32-0022.jpg
レッドツールボックス 10点ツールセット for Kids 子供用工具 （ST037）,http://www.diy-tool.com/fs/diy/r32-0020,878834001360,http://image.rakuten.co.jp/tuzukiya/cabinet/main/r32/r32-0020.jpg
レッドツールボックス ミニゴルフ 工作キット （K028）,http://www.diy-tool.com/fs/diy/r32-0019,878834000653,http://image.rakuten.co.jp/tuzukiya/cabinet/main/r32/r32-0019.jpg
レッドツールボックス しゃしんたて 工作キット （K001）,http://www.diy-tool.com/fs/diy/r32-0017,878834000158,http://image.rakuten.co.jp/tuzukiya/cabinet/main/r32/r32-0017.jpg
レッドツールボックス ツールセット for Kids 子供用工具セット （ST004-05）,http://www.diy-tool.com/fs/diy/r32-0016,878834001476,http://image.rakuten.co.jp/tuzukiya/cabinet/main/r32/r32-0016.jpg
レッドツールボックス ツールボックス for Kids 子供用工具箱 （TB001）,http://www.diy-tool.com/fs/diy/r32-0015,878834001551,http://image.rakuten.co.jp/tuzukiya/cabinet/main/r32/r32-0015.jpg
レッドツールボックス ツールベルト for Kids 子供用腰袋 （T010）,http://www.diy-tool.com/fs/diy/r32-0014,878834001254,http://image.rakuten.co.jp/tuzukiya/cabinet/main/r32/r32-0014.jpg
レッドツールボックス モンスタートラック 工作キット （K078）,http://www.diy-tool.com/fs/diy/r32-0013,878834002299,http://image.rakuten.co.jp/tuzukiya/cabinet/main/r32/r32-0013.jpg
レッドツールボックス ブルドーザー 工作キット （K073）,http://www.diy-tool.com/fs/diy/r32-0012,878834002169,http://image.rakuten.co.jp/tuzukiya/cabinet/main/r32/r32-0012.jpg
レッドツールボックス ヘリコプター 工作キット （K071）,http://www.diy-tool.com/fs/diy/r32-0011,878834002145,http://image.rakuten.co.jp/tuzukiya/cabinet/main/r32/r32-0011.jpg
レッドツールボックス ひこうき 工作キット （K069）,http://www.diy-tool.com/fs/diy/r32-0009,878834002121,http://image.rakuten.co.jp/tuzukiya/cabinet/main/r32/r32-0009.jpg
レッドツールボックス ダンプカー 工作キット （K067）,http://www.diy-tool.com/fs/diy/r32-0008,878834002107,http://image.rakuten.co.jp/tuzukiya/cabinet/main/r32/r32-0008.jpg
レッドツールボックス どうぐばこ 工作キット （K012）,http://www.diy-tool.com/fs/diy/r32-0004,878834000264,http://image.rakuten.co.jp/tuzukiya/cabinet/main/r32/r32-0004.jpg
レッドツールボックス ワークベンチ for Kids 子供用作業台 （WB001）,http://www.diy-tool.com/fs/diy/r32-0001,878834000141,http://image.rakuten.co.jp/tuzukiya/cabinet/main/r32/r32-0001.jpg
ガルディナ ソーラー電源ウォーターコンピューター 自動水やりタイマー （1866-28）,http://www.diy-tool.com/fs/diy/4078500186681,4078500186681,http://image.rakuten.co.jp/tuzukiya/cabinet/main/g01/4078500186681.jpg
ウォルフガルテン 熊手 (2722000) （LD-2K）,http://www.diy-tool.com/fs/diy/w01-0036,4009269272223,http://image.rakuten.co.jp/tuzukiya/cabinet/wolfg/wolf-ld2k1.jpg
KETER フレックスメタルハンドル シルバー 幅560×奥行303×高さ285mm。 （17194484）,http://www.diy-tool.com/fs/diy/k95-0022,7290103663087,http://image.rakuten.co.jp/tuzukiya/cabinet/main/k95/k95-0022.jpg
マック レインウェア(雨合羽) アクションプラス (Action Plus) ライトグリーン M （AS-8800）,http://www.diy-tool.com/fs/diy/m02-0330,4939108151047,http://image.rakuten.co.jp/tuzukiya/cabinet/main/m02/m02-0330.jpg
マック レインウェア(雨合羽) アクションプラス (Action Plus) ライトグリーン L （AS-8800）,http://www.diy-tool.com/fs/diy/m02-0331,4939108152044,http://image.rakuten.co.jp/tuzukiya/cabinet/main/m02/m02-0331.jpg
マック レインウェア(雨合羽) アクションプラス (Action Plus) ライトグレー M （AS-8800）,http://www.diy-tool.com/fs/diy/m02-0335,4939108151023,http://image.rakuten.co.jp/tuzukiya/cabinet/main/m02/m02-0335.jpg
マック レインウェア(雨合羽) アクションプラス (Action Plus) ライトグレー L （AS-8800）,http://www.diy-tool.com/fs/diy/m02-0336,4939108152020,http://image.rakuten.co.jp/tuzukiya/cabinet/main/m02/m02-0336.jpg
ボッシュ バッテリー丸のこ 本体のみ （GKS18V-LIH）[返品不可],http://www.diy-tool.com/fs/diy/b02-3800,3165140483292,http://image.rakuten.co.jp/tuzukiya/cabinet/main/b02-1/b02-3800.jpg
角利産業 角利　細工用　黒檀豆鉋　角面取　45度　No.5 サイズ：台/幅27×奥行90×高さ18mm、収納ケース/幅37×奥行117×高さ42mm （41554）,http://www.diy-tool.com/fs/diy/k32-0047,4969402415545,http://image.rakuten.co.jp/tuzukiya/cabinet/main/k32/k32-0047.jpg
角利産業 角利　細工用　黒檀豆鉋　外丸　中　No.10 サイズ：台/幅27×奥行90×高さ18mm、収納ケース/幅37×奥行117×高さ42mm （41559）,http://www.diy-tool.com/fs/diy/k32-0052,4969402415590,http://image.rakuten.co.jp/tuzukiya/cabinet/main/k32/k32-0052.jpg
角利産業 角利　細工用　黒檀豆鉋　四方反　中　No.12 サイズ：台/幅27×奥行90×高さ18mm、収納ケース/幅37×奥行117×高さ42mm （41561）,http://www.diy-tool.com/fs/diy/k32-0054,4969402415613,http://image.rakuten.co.jp/tuzukiya/cabinet/main/k32/k32-0054.jpg
ボッシュ ホットボンダー　ホットメルト （PKP18E）,http://www.diy-tool.com/fs/diy/b02-1170,3165140078481,http://image.rakuten.co.jp/tuzukiya/cabinet/main/b02-1/b02-1170.jpg
フェニチ レザーリバイブ （70001050）,http://www.diy-tool.com/fs/diy/h11-0392,8032632910121,http://image.rakuten.co.jp/tuzukiya/cabinet/main/h11/h11-0392.jpg
トラスコ プロテクターツールケース　オリーブ　S （TAK13ODS）,http://www.diy-tool.com/fs/diy/t25-26720,4989999046274,http://image.rakuten.co.jp/tuzukiya/cabinet/t25-21/t25-26720.jpg
トラスコ ネスティングバケットBタイプ 内寸220×370×158 （B40）,http://www.diy-tool.com/fs/diy/t25-21092,4989999750683,http://image.rakuten.co.jp/tuzukiya/cabinet/main/t25-9/t25-21092.jpg
トラスコ ネスティングバケットBタイプ 内寸174×274×133 （B30）,http://www.diy-tool.com/fs/diy/t25-21417,4989999750676,http://image.rakuten.co.jp/tuzukiya/cabinet/main/t25-9/t25-21417.jpg
ボッシュ 18V ＬＩ−ＩＯＮバッテリー(リチウムイオンバッテリー） （A1830LIB）[返品不可],http://www.diy-tool.com/fs/diy/b02-1933,3165140696500,http://image.rakuten.co.jp/tuzukiya/cabinet/main/b02/b02-1933.jpg
リョービ 電動ドライバードリルキット(先端工具セット付属) （FDD-1010KT）,http://www.diy-tool.com/fs/diy/646001a,4960673662546,http://image.rakuten.co.jp/tuzukiya/cabinet/main/r01/646001a.jpg
メタフィス ルカーノ 踏台(踏み台) ホワイト （ML2.0-2(WH)）,http://www.diy-tool.com/fs/diy/h01-0001,4968757462037,http://image.rakuten.co.jp/tuzukiya/cabinet/main/h01/h01-0001.jpg
シルキー ZUBAT(ズバット)　(鋸・のこぎり)　鞘付　山林・剪定鋸本体 330mm （270-33）,http://www.diy-tool.com/fs/diy/s02-0140,4903585270331,http://image.rakuten.co.jp/tuzukiya/cabinet/main/s02/s02-0140.jpg
シルキー スゴイ　(鋸・のこぎり)山林・剪定鋸本体 360mm （390-36）,http://www.diy-tool.com/fs/diy/s02-0161,4903585390367,http://image.rakuten.co.jp/tuzukiya/cabinet/s02/s02-0161.jpg
シルキー ハヤテ2段セット(2.4〜3.8M)　(鋸本体・のこぎり)高枝鋸 420mm （370-42）,http://www.diy-tool.com/fs/diy/s02-0183,4903585370420,http://image.rakuten.co.jp/tuzukiya/cabinet/s02/s02-0183.jpg
シルキー ハヤテ3段セット(2.3〜5.0M)　(鋸・のこぎり)高枝鋸 420mm （371-42）,http://www.diy-tool.com/fs/diy/s02-0184,4903585371427,http://image.rakuten.co.jp/tuzukiya/cabinet/s02/s02-0184.jpg
シルキー ハヤテ4段セット(2.4〜6.1M)　(鋸・のこぎり)高枝鋸 420mm （372-42）,http://www.diy-tool.com/fs/diy/s02-0185,4903585372424,http://image.rakuten.co.jp/tuzukiya/cabinet/s02/s02-0185.jpg
シルキー はやうち2段セット(2.2〜3.7M)　(鋸本体・のこぎり)高枝鋸 390mm （177-39）,http://www.diy-tool.com/fs/diy/s02-0189,4903585177395,http://image.rakuten.co.jp/tuzukiya/cabinet/s02/s02-0189.jpg
シルキー はやうち3段セット(2.3〜4.9M)　(鋸・のこぎり)高枝鋸 390mm （178-39）,http://www.diy-tool.com/fs/diy/s02-0190,4903585178392,http://image.rakuten.co.jp/tuzukiya/cabinet/s02/s02-0190.jpg
シルキー はやうち4段セット(2.4〜6.3M)　(鋸・のこぎり)高枝鋸 390mm （179-39）,http://www.diy-tool.com/fs/diy/s02-0191,4903585179399,http://image.rakuten.co.jp/tuzukiya/cabinet/main/s02/s02-0191.jpg
メタフィス ルカーノ スリーステップ 踏台(踏み台) ブラック （ML2.0-3(BK)）,http://www.diy-tool.com/fs/diy/h01-0096,4968757463010,http://image.rakuten.co.jp/tuzukiya/cabinet/main/h01/h01-0096.jpg
メタフィス ルカーノ スリーステップ 踏台(踏み台) オレンジ （ML2.0-3(OR)）,http://www.diy-tool.com/fs/diy/h01-0097,4968757463027,http://image.rakuten.co.jp/tuzukiya/cabinet/main/h01/h01-0097.jpg
メタフィス ルカーノ スリーステップ 踏台(踏み台) ホワイト （ML2.0-3(WH)）,http://www.diy-tool.com/fs/diy/h01-0098,4968757463034,http://image.rakuten.co.jp/tuzukiya/cabinet/main/h01/h01-0098.jpg
シルキー フォレスター　3段 4.5m （273-45）,http://www.diy-tool.com/fs/diy/s02-0512,4903585273455,http://image.rakuten.co.jp/tuzukiya/cabinet/s02/s02-0512.jpg
メタフィス ルカーノ スリーステップ 踏台(踏み台) レッド （ML2.0-3(RD)）,http://www.diy-tool.com/fs/diy/h01-10064,4968757463041,http://image.rakuten.co.jp/tuzukiya/cabinet/main/h01/h01-10064.jpg
PBスイスツールズ 8218TO 差替式ドライバーセット 9本組 ブラウン （8218TO）,http://www.diy-tool.com/fs/diy/p08-2001,7610733255146,http://image.rakuten.co.jp/tuzukiya/cabinet/main/p08-2/p08-2001.jpg
PBスイスツールズ 8218PE 差替式ドライバーセット 9本組 ペトロール （8218PE）,http://www.diy-tool.com/fs/diy/p08-2002,7610733255153,http://image.rakuten.co.jp/tuzukiya/cabinet/main/p08-2/p08-2002.jpg
PBスイスツールズ 8218TU 差替式ドライバーセット 9本組 ターコイズ （8218TU）,http://www.diy-tool.com/fs/diy/p08-2003,7610733255160,http://image.rakuten.co.jp/tuzukiya/cabinet/main/p08-2/p08-2003.jpg
PBスイスツールズ 8219PE プライヤー付差替式ドライバーセット ペトロール （8219PE）,http://www.diy-tool.com/fs/diy/p08-2004,7610733255177,http://image.rakuten.co.jp/tuzukiya/cabinet/main/p08-2/p08-2004.jpg
ピカ 樹脂製カラー踏台 GEM STEP ブルー （GEMS-LU）,http://www.diy-tool.com/fs/diy/p13-0978,4989247540011,http://image.rakuten.co.jp/tuzukiya/cabinet/main/p13/p13-0978.jpg
ピカ 樹脂製カラー踏台 GEM STEP パープル （GEMS-PL）,http://www.diy-tool.com/fs/diy/p13-0980,4989247540035,http://image.rakuten.co.jp/tuzukiya/cabinet/main/p13/p13-0980.jpg
ピカ 樹脂製カラー踏台 GEM STEP オレンジ （GEMS-OR）,http://www.diy-tool.com/fs/diy/p13-0981,4989247540042,http://image.rakuten.co.jp/tuzukiya/cabinet/main/p13/p13-0981.jpg
ピカ 樹脂製カラー踏台 GEM STEP イエロー （GEMS-YL）,http://www.diy-tool.com/fs/diy/p13-0983,4989247540066,http://image.rakuten.co.jp/tuzukiya/cabinet/main/p13/p13-0983.jpg
ピカ 樹脂製カラー踏台 GEM STEP ライトグリーン （GEMS-LG）,http://www.diy-tool.com/fs/diy/p13-0984,4989247540073,http://image.rakuten.co.jp/tuzukiya/cabinet/main/p13/p13-0984.jpg
ピカ 樹脂製カラー踏台 GEM STEP オリーブ （GEMS-OV）,http://www.diy-tool.com/fs/diy/p13-0985,4989247540080,http://image.rakuten.co.jp/tuzukiya/cabinet/main/p13/p13-0985.jpg
ウルフガルテン 小くわ 鍬 作業幅9cm （BA-M）,http://www.diy-tool.com/fs/diy/w01-0048,4009269110006,http://image.rakuten.co.jp/tuzukiya/cabinet/main/w01/w01-0048.jpg
ウルフガルテン 除草鍬 くわ+除草　作業幅10cm （iE-M）,http://www.diy-tool.com/fs/diy/w01-0049,4009269138000,http://image.rakuten.co.jp/tuzukiya/cabinet/wolfg/w01-0049.jpg
アルス ズームチョキエコノ刈込タイプ （190ZD-3.1-3D）,http://www.diy-tool.com/fs/diy/a03-0156,4965280683915,http://image.rakuten.co.jp/tuzukiya/cabinet/main/a03/a03-0156.jpg
ウルフガルテン 苔取り （FK-M）,http://www.diy-tool.com/fs/diy/w01-0074,4009269131001,http://image.rakuten.co.jp/tuzukiya/cabinet/wolfg/w01-0074.jpg
ウルフガルテン 熊手／くまで 作業幅10cm （LD-M）,http://www.diy-tool.com/fs/diy/w01-0071,4009269173506,http://image.rakuten.co.jp/tuzukiya/cabinet/wolfg/w01-0071.jpg
ボッシュ 14.4V 18V充電器 （AL1860CV）,http://www.diy-tool.com/fs/diy/b02-2914,3165140544863,http://image.rakuten.co.jp/tuzukiya/cabinet/main/b02/b02-2914.jpg
ボッシュ 18V充電器 179×119×68mm （AL2215CV/N）,http://www.diy-tool.com/fs/diy/b02-1949,3165140668095,http://image.rakuten.co.jp/tuzukiya/cabinet/main/b02/b02-1949.jpg
ウルフガルテン バイパス剪定バサミM 190×60mm （RR2500）,http://www.diy-tool.com/fs/diy/w01-0110,4009269304863,http://image.rakuten.co.jp/tuzukiya/cabinet/main/w01/w01-0110.jpg
ウルフガルテン アンビル剪定バサミM 185×60mm （RS2500）,http://www.diy-tool.com/fs/diy/w01-0108,4009269304870,http://image.rakuten.co.jp/tuzukiya/cabinet/main/w01/w01-0108.jpg
ウルフガルテン アルミニウムハンドル ※ 長さ144cm  (3938020) （ZMi15）,http://www.diy-tool.com/fs/diy/w01-0017,4009269393829,http://image.rakuten.co.jp/tuzukiya/cabinet/wolfg/wolf-zmi151.jpg
ウルフガルテン スモールハンドル 25cm （ZM 30）,http://www.diy-tool.com/fs/diy/w01-0064,4009269394734,http://image.rakuten.co.jp/tuzukiya/cabinet/wolfg/w01-0064.jpg
ウルフガルテン スモールハンドル 35cm （ZM 04）,http://www.diy-tool.com/fs/diy/w01-0065,4009269394482,http://image.rakuten.co.jp/tuzukiya/cabinet/wolfg/w01-0065.jpg
SK11 充電アングルインパクトドライバー （SAID108V-13Lis）,http://www.diy-tool.com/fs/diy/f23-6229,4977292489379,http://image.rakuten.co.jp/tuzukiya/cabinet/main/f23-6/f23-6229.jpg
NORA STYLE のらファームブーツ オレンジ S/22~23cm （NS-610）,http://www.diy-tool.com/fs/diy/u03-0926,4518406876137,http://image.rakuten.co.jp/tuzukiya/cabinet/main/u03/u03-0926.jpg
NORA STYLE のらファームブーツ オリーブ L/24~25cm （NS-610）,http://www.diy-tool.com/fs/diy/u03-0925,4518406876120,http://image.rakuten.co.jp/tuzukiya/cabinet/main/u03/u03-0925.jpg
NORA STYLE のらファームブーツ 紫陽花 M/23~24cm （NS-610）,http://www.diy-tool.com/fs/diy/u03-0930,4518406876175,http://image.rakuten.co.jp/tuzukiya/cabinet/main/u03/u03-0930.jpg
PBスイスツールズ PB ボール付ロングレインボーレンチセット （212LH-RBCN）,http://www.diy-tool.com/fs/diy/p08-1929,9990000564071,http://image.rakuten.co.jp/tuzukiya/cabinet/main/p08/p08-1929.jpg
ボッシュ アイシオ バッテリーガーデンバリカンセット(延長ハンドルセット) （ISIO2/J）,http://www.diy-tool.com/fs/diy/b02-3694,4969655808262,http://image.rakuten.co.jp/tuzukiya/cabinet/main/b02-1/b02-3694.jpg
ブラック＆デッカー ジャイロスクリュードライバー （GYRO36）,http://www.diy-tool.com/fs/diy/b01-0072,4536178037006,http://image.rakuten.co.jp/tuzukiya/cabinet/main/b01/b01-0072.jpg
ウルフガルテン アンビルタイプ剪定鋏 （RS5000）,http://www.diy-tool.com/fs/diy/w01-0044,4009269730402,http://image.rakuten.co.jp/tuzukiya/cabinet/wolfg/w01-0044.jpg
ウルフガルテン 刈り込みはさみ （HS-B）,http://www.diy-tool.com/fs/diy/w01-0062,4009269742405,http://image.rakuten.co.jp/tuzukiya/cabinet/main/w01/w01-0062.jpg
ブラック＆デッカー ジャイロスクリュードライバー （GYRO36）,http://www.diy-tool.com/fs/diy/b01-0072,4536178037006,http://image.rakuten.co.jp/tuzukiya/cabinet/main/b01/b01-0072.jpg